round,gini
0,0.14961988432665754
151,0.04508826334481197
